{
  "method": "per-sample_residuals_of_A/B/C_to_fused_without_truth",
  "samples_total_rows": 10000,
  "samples_used_rows": 10000,
  "samples_residuals_all": 30000,
  "R_sensor_m2": [
    [
      9.241364925592826,
      6.622542035536158
    ],
    [
      6.622542035536158,
      27.43247147185368
    ]
  ],
  "R_A_m2": [
    [
      7.719009787745364,
      8.635525847773575
    ],
    [
      8.635525847773575,
      31.873217852070873
    ]
  ],
  "R_B_m2": [
    [
      5.2756693077492995,
      3.2442905363436596
    ],
    [
      3.2442905363436596,
      23.342784863000162
    ]
  ],
  "R_C_m2": [
    [
      8.664719210266677,
      3.7856146776222426
    ],
    [
      3.7856146776222426,
      23.72255063663514
    ]
  ],
  "params": {
    "UERE_m_default": 5.0,
    "min_sat": 4,
    "weight_rule": "w = Sat / r^2; r from R or (HDOP*UERE)"
  }
}